"SAQ1","SAQ2","SAQ3","SDS1","SDS2","SDS3","GMS1","GMS2","GMS3"
0.139734300374513,-3.35328876471452,-0.500709085515416,1.26458734367385,1.64545747572979,-0.919846616174237,-0.560183699653052,-1.79105610913133,-0.266310373208244
1.2164914984771,1.0279099921106,-1.08931855105841,0.313120803494165,0.538182270075213,1.48790670152429,-0.614075362260758,0.403939051342438,-1.56623462307912
-0.0640771396612723,-0.998884812870582,-0.328693435816949,-0.353793589689866,0.316364481242264,1.73517615935431,0.411246508486257,1.38481928185982,0.514719006537459
-1.46973243010349,-0.0074175299837304,1.92073022451077,-0.548730083899882,-0.766182626625905,1.84183542706059,0.283831602756282,2.23787848899274,-1.30231295912889
-2.21624434605376,-1.50354430696049,-3.22082645781323,1.03048742161797,1.14293078516577,0.406851960336951,-0.664250303544926,-0.196101277722333,-0.674521982175427
-0.573839902832304,-0.293111375421908,0.811040942667572,1.41395825720761,2.5903963312303,0.493477559932758,-2.14166581922322,0.214386791949429,-2.45921027513774
2.19116933143906,0.931347395571885,1.04620765205353,2.05478439078102,0.745139321908626,0.555686406810793,-2.18486640103745,-1.23721771927881,0.638000666210009
-1.91054441131757,-1.11930903481466,-0.304005338579238,2.35109122417883,0.00214680038685295,-0.0657607074874082,1.45407550161017,0.337137482629215,2.09786503034055
2.87503544388214,-0.293371535994004,-0.580287664313269,-0.720576714344479,-0.51067779994043,-2.52881473880445,2.01571200463832,1.76694412691711,-0.159162549958913
2.37020192805424,0.584936856399916,1.54495406421725,-0.664868330362308,-0.439115347258737,0.156482572295273,0.248646095811127,2.2702959984263,1.17699394998382
0.799358688678578,-0.111450161619585,1.68943760326463,-1.16193684590183,-2.16854238151865,-1.50673225232726,2.11394173204517,2.5211610025881,0.634125820512834
0.51245667023708,-1.81100259359182,-0.902238463984456,0.204454825822296,-0.697394904945753,0.152705626541837,-0.297059108890323,-0.285864522757361,-1.40996691687791
1.18409485134493,0.760068895165415,-0.744736812541948,0.639152676585267,1.56106331883817,2.33056653326726,-0.0866000963462841,-2.02677065281093,-0.492675606510977
-2.03013584101055,-0.640892261784349,0.246347279150643,1.21658285156084,0.22667968833578,-0.460042068308545,0.241570124545218,-0.879101041374326,0.816627021397644
3.00065271200487,3.3339865439599,1.50135808334293,-0.424640169528862,-0.715530372064961,-1.23279113835171,4.0523305154945,4.87874175503016,4.78843191874117
1.08375202737348,1.07629489685348,0.346128678387212,1.24578431673623,-0.533186733864204,0.71900451364321,0.754477818739177,0.061986455130967,-0.332599676960637
2.75909843311193,-0.285124475171806,0.213037055855377,-0.358323830833835,-1.67448195789941,-1.70561888523594,0.929535294153617,0.634006366157241,-0.000169865110426398
-0.679199152796607,1.00979505774943,0.152691571758106,0.689090579164154,1.26901629477695,0.606867270643077,-1.84080018504433,0.159411028139709,0.736523057072924
1.38348031906491,0.0505898560166703,2.24515917359941,-0.949251089278591,0.260208161028929,0.431821030803782,2.99709914601224,2.53518259888591,1.59968149693357
2.35139732234856,2.35831867307108,3.47840735249937,-1.321068152135,-2.47356234317365,-0.718404937834274,0.0568124691749725,2.14274369990083,2.6145964771057
-0.0856269546744309,-0.971023523042253,0.886553601672385,0.159252714662479,1.27281949207558,1.53660104249399,-2.19079055807449,-1.17031770524919,-1.25241372431139
-0.418081486107355,1.05037188124098,0.14166880719806,-0.587119532556682,0.818043529162077,1.63992752428559,-0.716246883600138,-1.28569815434059,1.02065612730702
1.44839683994619,-1.7301433168265,0.673960877461101,1.68887054327878,2.25601269695447,2.28579185398948,-0.965000837395624,0.321378784208829,-1.65874165612839
2.96194572621631,-0.172070543868478,1.95408973548706,1.19523065588824,0.0447619940322863,-1.01044198781866,0.422924109402727,-1.14649013254654,-0.321824354485215
-1.30295133037043,2.24612155236946,-0.476505406377488,1.12097127688852,-1.62316919599564,1.76423153150937,-0.172226102280066,-0.847164077309599,-0.716829253723297
0.135493921829977,-0.558427759927665,-0.772387218838263,-2.05721111047251,-0.238527843024661,-1.01383069696505,2.84261822672351,2.76384834923983,1.69309559129532
2.58158292601554,0.0471753686934771,0.449176427316206,2.00239734621004,0.20423390092926,-0.183159497316444,0.339461249078248,0.340812730892862,-0.200546709377901
-0.912466262394192,-2.16284114979584,-0.67399073293599,-0.973375388459784,-1.35029194101514,0.103108233654115,-2.48167643613991,-1.38582727970098,0.328388705091668
1.22553607262743,0.262020226999245,-0.319644095167883,-2.00661168173622,-3.97683498684586,-2.3609851386253,2.35972179489449,1.75679170442478,1.70882980454638
-0.347982427252771,-0.266758526922815,0.124596482660345,-0.198055302993752,0.199271749325501,0.314331169749126,0.468831688984719,-0.256301956676447,0.823994782250579
2.16002625257898,1.10054582758662,1.37830441216791,0.26416284889437,-0.990960544231038,-0.828800166172778,3.14411337534519,0.965681240655533,0.761570696184668
0.470102559406353,2.6515183244083,0.655132227291608,1.19801146443866,1.31582539717538,-1.14097217727659,-0.67320829620926,1.77980044288695,0.176126210301793
0.509017719566203,1.42442224474424,-0.511358951558976,-0.394166708242611,-2.1137886445781,0.827353325958701,0.266762981528593,0.576294116238279,0.25323086361338
-1.95500847657737,-0.493315719608186,-0.58152550771586,2.08084892356211,1.4975185819091,1.31781698245591,-0.763872517684262,-2.26126086725632,0.767098023908848
0.885209749994889,-0.85288480097908,0.551378683836353,0.0835160497292499,1.37568727454832,-0.43609954524114,0.269056284021932,2.12952654091788,0.964075183695115
-1.03316071937118,-1.68041426714485,-2.41045892233987,-0.737068344157009,0.77601131040464,1.84274043840709,0.433338659178449,-0.532967509499025,1.46385236148082
0.212959787207859,-0.550614932609694,-0.49130041795352,-0.434703630978111,-0.545267988488784,-1.53443774313013,-0.631401070237364,-1.85584775765223,-0.694725778384087
0.941922686825328,1.5869915612296,0.786200807435353,-0.0773548442064092,1.06367323744034,0.862069465906404,0.351012001200811,0.545183230416604,1.57795453518811
1.45153286892627,2.49276057961728,0.960316584042782,-0.31840605949615,-2.13966107027805,-0.787423627696559,0.499197709722078,-0.918904989465358,-0.85123501968317
-0.352000609592244,-0.435590748542454,-0.306922910566682,1.48309762731442,1.03331872381037,-1.71229192357985,0.376774605932083,-1.55259865215239,-0.184069093789265
0.977114541614924,1.78827702735576,2.03443570007062,-0.260524681980519,2.21919082585058,0.254284595151465,2.59666132306268,0.600197667911045,0.840332403814955
-0.370753518301978,0.330427810584529,0.787899329297965,-0.554291340973572,-0.125145187147148,-1.60869457993238,0.502942331503273,-1.59811793666719,-0.780491137857004
-0.522832628491318,-0.463814250222895,-0.6393798056295,0.351610645117669,-0.918055692355369,1.60380975903651,-1.57163177829687,0.75948270603661,-0.555345906091966
1.32670697332833,-2.07712119274512,-0.23072681383937,0.69472372666429,2.89034508966428,1.76773728320417,-3.06745471566527,-1.63202479021517,-2.80780697538912
-0.237068689886386,0.311093512309293,2.7214183075168,-1.49114714923286,-0.407740516738298,-1.15000120733264,2.13583257935296,0.198330223459911,1.10359827723691
-0.706124112074266,-1.57117876363058,-1.99061995558279,-1.44387826476016,0.00747397137307913,-0.831395678890487,0.175414282344749,0.678353094196057,-1.02452733493026
-2.02483243977626,0.921738461332654,-1.01838419960169,0.549197824224979,-0.983760386123068,-0.13465197252964,-0.535809486242478,-0.163480778049732,-0.418273363313686
-0.0717155940227874,-0.741962843378977,1.58792962103504,0.430146089808966,2.40187475673831,1.51139848003317,-1.18738803217079,-1.67215745808131,1.44493984013715
1.10926619874782,0.395988497159322,-1.08476357131488,2.61394753013999,0.972837006717859,1.34778662397469,-0.508673758565978,0.238060970593774,-0.36053822973343
-0.82000286713858,-1.27460881181334,-1.16501534170563,2.85527996016906,1.36396498387571,0.893203672770717,-2.69948069800206,-2.00248763900527,-1.48801763849412
-1.99308207879942,1.1396738557829,0.0967410324621964,-1.00014637024164,-1.36752287315429,-0.202540867788046,0.0118750459229295,-0.912447189948542,2.92621105137124
0.496554585780636,0.664349386939133,-0.813113860051353,-1.01908489487315,-2.04829744181563,0.946322006243244,1.8022801596143,-0.90634650708386,1.7755455477419
-1.47131386112116,0.338679715799347,1.28744211182856,-0.308985399443057,-0.567170102570181,-0.548941416643042,0.86509686656611,1.52394782171825,0.384079494508056
-0.525345363076001,2.11333606021786,0.909694776617908,-2.31520523928265,0.96377735217714,-0.302074068085772,2.10603425651103,1.09183568586775,0.407306401933142
-1.95535088485621,1.66080905977879,1.2820311926768,-1.23824201713812,-3.73237712486558,-1.23593595852068,-0.0472609839496016,-0.950133897712114,0.436750069587685
-1.2833547575409,0.3370720263966,2.90840633077371,-0.631460987646336,-2.53656269236762,0.770621614107536,2.90579754213024,1.0303285107638,1.56345043944483
0.271660312277668,2.16343104855858,-0.0690299878673534,-0.493913956189926,0.595108089665699,1.14143437142723,-1.2813205211734,-1.44628233107507,-2.84202457628369
-1.15687835789962,-1.3538267093617,-0.406388214096475,-0.651958405521376,0.724392620550718,0.586021553216528,0.440440723512972,1.50127796662801,1.31012467483097
-0.12850725328364,-0.516231504032958,-0.662409380494468,-0.421374107188504,0.812539513470485,0.32271063781091,-2.35085893227964,-1.42815831502688,-0.819461994648842
-0.457616952868866,-0.00736921579257221,-0.984274498754862,-0.662932104290167,-0.299118038835617,-1.44006926233815,0.417975945922898,-0.21835151867691,-0.849904801277201
-2.51641753736269,-0.804960075186007,-2.41907053755714,0.714658431392056,1.48644566465723,0.666916227334765,-1.88746682875011,-1.80120507024369,-0.722126379396981
-2.51264938087508,-1.63982567310324,-1.76685326741703,0.205708847831741,0.707110288996717,0.879199816420985,-1.35258028537464,-0.333421579308401,0.885365043043183
1.80965407593033,-0.384257784867704,-0.612104617407158,2.1062596101602,0.311523172505017,0.936800553002848,-0.0227216603133702,-1.06669981874938,-0.330700537046367
0.177655688661768,0.709888364002245,-0.223799264424187,1.69715972725348,1.02313247549985,1.51243556876005,0.445015117136425,-0.334336620119566,1.31567999072067
-0.0300783695705195,0.242385842788101,1.58660041937283,2.14388013754083,3.11907402853434,3.41769057075263,-2.60381300085537,-0.165480452583981,-1.95288983520409
0.140201427692303,-0.956074801541248,0.129603869381552,0.34112227064469,-1.50804501471034,-0.398560849239878,0.411855881152214,-0.194563418877359,-0.257561255730215
0.814540477697075,0.906434851218428,1.97608062802948,-1.63788859779572,-0.607677969961725,-1.40524940238171,1.41358104452278,3.17278735557881,2.91193570640468
-0.202228513623759,-0.799265449308188,-1.46528256826127,1.3276817480143,-0.420503902463406,0.340023361687683,0.0841133478676874,-0.779378770997179,-1.517762610833
0.547936331954121,-0.95852257634383,-0.805742016072247,0.671592832703593,-0.208766963347569,1.22275598375748,0.0337269249378196,0.37300208633374,-1.71356724845025
1.77149872557299,3.42426439074132,2.28150092050017,-1.9897127072741,-2.62062169315659,-2.91486061463361,2.46443496827392,1.22690074318159,-0.00850863219944286
0.137572752427674,-1.08612689016477,1.82587235429043,0.0196933237885147,2.89099111944763,3.9591297002206,-1.19226408074539,0.065919767645498,-1.59353202823482
0.465526444474306,0.791258912883205,3.08963670998552,1.2591890651247,-1.97242060882923,-0.872050085093996,0.645428780609142,1.99041832173724,1.27077202818515
-0.0716335063174371,-1.27399417124574,-1.49984101536252,-0.603552370095032,-0.547253303816758,-0.821931662238411,-0.616187395915344,0.38319753969219,-1.36248579590313
1.24709809559443,0.290339133053163,1.46663952321206,-0.925162338531721,0.605594039915965,-0.235100577025632,0.243150953011268,-2.52152497002386,-0.147022945719979
-1.06001244756854,-1.66435983608483,-0.106478461113775,-0.656426261630146,-0.511912715760994,-1.50825375206216,0.208760405634722,-2.06331454034119,0.288372430446257
-0.997352361907413,0.0645810628264157,-2.18942582250686,-0.948496720991551,-0.564834348501406,-1.0129021929556,0.748958468628017,0.628139902102674,0.384818305080035
-1.10149591508886,-1.23956877814112,1.18721249467463,-0.790267263740138,2.34749330478017,2.28056976601769,-3.4192626616012,-0.8376749301155,-0.848054810506166
-0.149062618699099,0.0607299765137836,-0.648075921821681,-0.711920899175282,1.26106266868031,1.05892868810747,-0.988727990198251,-1.37915492250538,-0.192814358994083
-0.659490099508774,1.67191762969673,-1.88838922455663,-2.99797287643198,-0.196304679088607,-0.836863798544633,2.33588266371727,0.749390699153978,0.693715401840681
1.16073435920182,1.89612622006967,0.624475488752916,0.189733355702976,2.32463038789807,-0.642686419472005,-0.359576279277558,0.126016471211185,-0.269115095466543
2.06365367647231,0.709427131725305,1.49294137953665,-3.40336407694243,-0.666008623323805,-1.79515826855304,-0.933417603425625,1.76874791145106,0.590129960052567
-2.03261625381906,-0.679752591765539,-0.886362831934569,-1.2816927911597,2.00130255726901,1.09100580167261,-0.409311811551882,0.183614904714354,-2.65727054068765
-0.410815040501986,0.940638898937977,1.99035124035584,1.45703234044302,-1.01049345877354,0.0879898661434104,-3.62193769289326,-1.20655785486943,-0.826470250805866
2.64375201829038,0.366350771292536,1.81484110085099,-2.10061935527311,0.0142036510492002,-2.19690431597189,2.25146753176327,0.591945494042309,2.09373255807637
-1.26122494406655,-0.0658480369881513,-0.671665945954513,0.0093994999008632,0.631462730820009,-0.526169549840462,0.658949562679731,0.225125736249864,-0.680955124453593
-1.42689678573155,-0.819267380484111,-0.610946377895417,0.194863570814772,-0.890978091135147,-0.171243417981692,-0.00390574145903684,-3.57686640306685,-2.23817484295671
-0.71361931758084,0.691527490222469,0.280914921698896,1.6509069081983,-1.00505269890599,-0.0456966351851537,1.59188855652139,0.129548229199776,-0.485464115382011
1.25539812941016,-0.588715360418452,1.89508087342598,1.30698990586128,-0.742246672962476,-0.611455072197157,0.433217869419869,-0.523778489008965,0.197534918522847
-0.612868978493646,-1.39135221009324,-2.1366460971971,-1.21681504528669,-2.26065653177589,0.526769001910899,1.51159461120227,-0.00575274154547076,-0.20177487284501
-1.64299154676228,-1.3138974002447,-1.95928276447842,-0.778149219581562,-0.533618034541743,2.35846024493696,-0.520141444706014,-0.680310010525303,-0.605585199136795
-0.311368953872441,0.354566391573922,2.56993316658306,-0.249827045638801,0.337319421285392,0.752828351202837,2.29729610152093,2.30394987616816,1.66602642002083
2.45287846962409,-0.030933325710784,0.764351856596945,-0.894501889324705,-0.703255350631656,-1.75207405081539,0.175356431000759,-0.556993675064018,-0.39238437205597
1.09896397702781,1.52287106852008,1.90413354611573,-0.282822074094499,-1.03505866517977,1.21350390556478,2.12699505676091,1.58246821547959,-2.20909122026552
-0.313088837803008,-0.883163122021221,-1.12717759020095,0.613120658026849,1.71817343760595,-1.21781994270176,-1.88145619091999,0.063457453766444,-0.0241709032779964
-1.27468707601885,-0.222599962185273,1.51124756596418,1.54212806999677,1.88133721345114,-0.37202511834602,-0.971952462753527,-0.795213296035568,0.746347741001894
1.77609797530248,-0.294580048497172,2.71082053437938,-2.46540966216141,-1.23616695608123,0.249471763377105,3.68473181466879,2.11445390437459,1.49114040405981
1.54468952928439,2.14025251136157,-0.588561406667644,0.00403085664135727,-0.37982912812244,-1.17924313226567,0.274695763828019,2.28666451953521,1.9362689504185
-0.402303671465409,0.0874393112767238,-0.589641236266587,0.309271427675178,-0.856711557632551,0.348805472354569,3.52136776816663,0.829091642631376,2.62531456356677
0.863890046433224,0.19342908770542,-2.19560361117618,-1.01515884746321,0.0251681821299513,0.446510443484141,-1.35294522097466,1.61422730503361,0.281816069887043
-0.019879830150063,1.35701470423865,-1.70593616331493,3.14661179069979,0.81607275124694,2.72478357088488,-1.80948251057084,-0.0386184050163636,-0.113876858512834
2.60257755362868,0.356547897708132,-1.00230480110575,-0.155376725370805,2.03192984641875,2.58378647996926,-2.17885547338412,-4.04714080886976,-4.90705891084115
-1.03632212286572,-2.83309184438594,-0.150793578744935,-0.507998903957586,0.685566526769516,-0.0318489339161024,-1.4684220792924,1.45968380690582,-0.410263100265028
-1.60482130781871,0.0244722341009815,-1.1808474331006,1.33592025204704,1.54387579084155,0.954829224525655,-0.560294130448146,-1.62718202267732,0.0517410811864141
-0.22155658605416,0.689177724532305,-0.583471070790329,-0.911204234451064,0.259464800741207,2.94015392484962,0.0240946781020376,-0.31630432342175,0.989476428295646
0.0146752895627805,1.25114025055695,0.671946176269272,-1.31097590445443,-0.121023603780522,-0.257566924987107,1.80707343754077,2.52400860858877,0.953269242098203
-0.83440562807199,0.715745214138074,1.04702761991301,-0.184709826239318,0.619545813418072,-2.02651780979709,-1.49180962373089,-0.87973647473543,-1.08141256175384
0.274158740351757,-1.17449321005495,0.433316875239893,-1.48278386567131,-2.45820179312524,-1.84068299056569,-0.361019984856188,-1.18973154192232,-0.934192574012684
0.640259680877699,1.82467221002891,0.641507601602225,1.30967311701239,1.25928088437342,1.19436794950997,-1.13137721402997,-3.59202817241975,-1.07415468364229
0.213924412004028,0.392658539535775,0.560755710058438,-0.199336571256614,-0.236313072738557,-0.80618700732591,0.738600202062265,1.3277533730707,-0.170745854053567
0.446931510551936,2.56090447622827,0.455362001408857,-0.87209559910826,-0.322511741778868,-0.0784049971150803,1.68572507088453,1.43959019749321,0.961948022330892
0.603889033522953,2.02656035462859,2.42662182982011,0.165240283657755,-1.79210501474889,-1.41678916195775,0.927885821223757,1.36193346310965,0.822421112442178
-1.38075546630277,-1.45172967953801,-1.81974586730917,-0.253794809034782,0.363134239541803,2.45506489743917,-1.41084045107494,-0.987722528584117,-0.242780263517426
0.733273597260428,0.0192713352639439,2.06742588503075,1.23891621615249,-0.290319870145947,-1.15816335761389,-1.25763334541046,0.936982949762622,3.16056498984665
-0.96293309921045,-2.0138374086248,-1.09827457867379,-0.994881442469408,-0.694966040671648,-0.749061708160187,0.297114574994516,0.000858100580562551,0.216387201211157
0.435202246466969,-0.91322533466013,0.467528349180564,-1.19624762780255,0.997887405813161,-0.4799503839237,1.58953007474834,1.44200803960575,0.0437055957657588
2.22012059665293,2.07965042034104,1.26615485511017,0.0367897520446084,-1.05403153778058,-0.513214052241286,1.51379540223094,1.96657446230938,3.51028341845874
-0.781187199627787,-2.04070146833136,-2.32900425541087,1.80268529633194,1.84967905955407,1.43118185962758,-2.73254446883603,-1.96567825650356,-0.389073962669697
-2.27310188074201,-2.67812444268694,-1.80374356113682,-0.800107983644668,-0.368297565458511,-1.34626315896767,0.224579326434017,-0.68850906705833,-1.00228097294275
1.19650669117334,-0.313894106891847,-0.450960030288584,0.901661284520157,-0.656994926808279,0.0363858428551554,1.45870317718488,0.0437883609830125,-0.145517767005607
-0.842961214433175,-1.38409967312327,0.283059518107025,1.35412834101791,0.674565889701585,0.0590106790387795,-1.6349851143813,-0.701768192272369,-0.520956698863976
-0.718116538212399,-1.27794036372998,0.386911904271512,0.0178965023462135,-0.353703438060135,-0.960114771882952,0.0341444737073941,0.0480989209068337,1.45243127524558
1.31884963962981,2.16290335929614,-0.26315807677927,-0.356885919246375,-0.497620402673576,0.640565380543106,0.100253456430603,0.0159416252900248,0.0809589480377674
0.740817428443416,1.83769767973474,0.546231690085778,-1.57632027025982,-1.07823371302837,-0.0233069996856808,1.209247567435,1.1659877514537,1.90995882609163
0.169178545043024,-0.0825655467175672,1.91672820793479,1.05425981909526,-0.269666717658362,-0.848229652421434,1.55994059594617,-1.34129862172788,-0.262825437149119
0.928020800669255,-1.20416991798919,1.17952794569474,-2.60962215023649,-0.210694629432784,-2.08663977998627,-1.55338153104759,-0.123198075479056,2.33103394016404
-1.2719443884513,-0.804434980717721,-0.235376505706656,0.112588392388966,-1.29753852485459,-0.181714779488778,0.548680634871481,-0.0960265950984528,-0.467782756411834
-0.249399088228693,1.55227674583938,0.926699074878659,0.669265019746041,-4.15631948189747,-0.826088598067616,1.10639972300432,0.429526127262285,0.75269180187155
0.570155295429053,1.36917839167427,2.89334185262196,0.0634157888412902,0.396916423271447,-0.819973308585446,0.734498780810592,1.51396895558989,1.58339397173991
-0.112483432929483,2.72168872951775,-1.50646626663428,0.138208207308607,-2.85231835848229,-1.67310754609188,0.897777138104213,-2.25659980820505,1.33254991987631
0.465952834141502,0.453220068727732,-1.19863625461798,-0.484681267661604,1.04446287684864,1.7214064809485,-0.30900979955887,0.0957553197050589,-1.24662657521129
1.52217474580655,0.74907316440255,2.33962763837857,-1.1114079169419,-0.854226244059419,-0.602411898422259,0.354467298860162,-0.328641512241139,1.62643766721001
2.18717055227715,-0.61718510227113,0.434366384436129,0.711546195908683,0.323918375073292,-0.116371308239023,-0.28783949488517,-0.751780930838108,-0.17518816681353
2.49511228066351,1.39171026845173,0.984211732334016,0.221681699066511,-0.212505031937052,-1.8587803335483,-0.57063651417245,-0.325759102538821,1.25460349200366
-0.268499431430864,0.247075884620332,0.341541827662673,-0.554372272111471,-0.233764203093259,-1.46061790804953,0.0273932760357622,-1.02313770755303,-0.834261870714079
0.340667442432685,-0.136514061883064,-0.912590622111264,2.60392033702205,2.51163881587468,0.373646964726116,-1.48602814253672,-2.68717673210547,-1.63119160620911
0.266037647520992,-1.39038486179342,-0.847859793604487,-1.92957639042815,-2.30051909629102,-0.463666495380979,1.63628717959477,0.869148664086991,0.0611816517463717
2.40856654777153,0.419110692645034,1.67365545291966,0.306637789053577,-1.37268339597697,-1.23540386317893,0.339784537147239,1.18896628492038,1.79310704628777
-1.26224738533777,-0.648131934413285,-0.339556901008968,0.636338964252026,0.945181867001859,0.90189290287537,-0.402322874491795,0.356722528115935,-0.268623853135403
-0.36731025908706,-0.155840085627632,-0.643482958822922,0.0258347210892476,0.196143537130612,-0.859676971177046,1.0296464139246,-1.58860277316166,-1.29849946258365
0.270004281175965,-1.65661591614802,-1.38227350565762,0.647977257996639,-0.614587466930927,-0.68310927523152,1.89007564709032,-0.294379879093004,0.93485368816331
-0.25570822363656,-0.385808499321303,1.59410239101665,0.670930410169165,-0.59513039433078,2.55619143994973,-1.3628003191779,1.02655147689079,-1.72089028718258
2.1488150003758,0.192684298598615,1.25012578792965,-0.37197070048924,-1.09979722225882,1.47773484094123,1.43285296801426,0.617056097915509,3.26108279622102
-1.6399757899616,0.530748625736866,0.815130056712497,-1.71548715276598,1.14244320026383,-2.20010122487087,2.13486986461626,-0.501941851324147,1.3314975000783
-1.31285675714545,-1.61560397168504,-2.49524445085088,1.38912114824853,-0.19038437082009,-1.78167964549655,-3.1953182675244,-2.57401893255628,-1.81546698519544
-0.743146976611584,-0.571013086120237,-0.0313678969634526,2.02614094838674,2.2920749629822,0.850120197574676,0.240045285451028,-1.22790688130409,-0.0123685808820433
1.15129280739925,0.494390955019338,0.555092562641027,1.85372904539207,0.936381057376263,1.88769966995383,-1.35837612305549,0.34648536056058,-1.23303037831813
-1.4717081089652,-1.0649153697821,1.16939160667984,0.61471735537033,-0.675534668240962,1.40650923132286,-3.17991931399786,-3.08371867914254,-2.31141404206719
-2.44812497291222,0.553899041561039,-2.81782352703621,-0.681594548202065,-0.0103014988760052,-0.0506551958687718,-0.13728800264818,1.60099343716372,-0.263713221979116
0.741203453712263,-0.927374956468732,0.251688617287197,1.59737778473199,1.35616530160687,2.2763538073708,-0.548659587606829,-0.31415065404188,-0.940368374611927
1.508744229816,-0.31746134641366,1.48789874260867,1.0793485318619,0.576595612487241,0.591628287081962,-1.12543798206456,-0.926256999092371,-4.04495986019098
0.0248814752141103,0.491132945452433,-0.629347527581204,0.426484719412288,-1.53533638129888,-0.797877705071764,2.48224055308767,1.65615993722865,1.22325870143977
-0.190037245477384,0.929956623987986,1.02312856365131,0.210009655225538,-1.4288997694528,-0.320096989383188,-0.359751598107694,0.0588584063960988,-1.31736305176252
-0.0463977785825826,-0.45478194973369,-2.3978003302042,-0.199389900014217,3.84627349847396,2.86507920633223,-2.57036514552579,-2.93121344926806,-2.75929405072025
-0.633662193928251,-1.09246660379548,-0.349145708101292,-0.711977112528655,0.933516803141266,-0.532918279260611,-2.2006979913248,-1.55371180723791,-2.6089033186429
-0.52718492126248,-0.581204701352753,1.1380214268297,-1.51739647246434,-0.16979812618954,0.404802425531354,1.03297366546744,1.95031101461201,0.516491507562612
1.68283637439942,0.534288983395037,0.460468185575827,-1.87408339038122,-2.38072412002815,-1.36277131440586,4.23276244368532,3.69993440440151,4.0995845399494
0.112902173563713,1.0129993200591,-0.152355761716357,0.718777945727085,0.0523033930948572,-0.301433296152107,-1.24455456169922,-0.147898793804506,-0.526776161417468
-0.722237393647985,0.38548273992916,1.54575641064882,-0.787590435798524,-0.343350259123718,0.37391121136616,-0.0120898908123231,-0.103273308357854,0.77808732163946
0.2481229903652,0.950257534691922,0.579934127802097,0.0256830376800161,-0.826233524913248,-0.259229417032142,0.860803026730108,0.230742351181727,1.49012225997798
0.218175697647399,1.13037742358026,-1.56461989550359,0.867121405713663,0.809906543389541,-0.0238163802954588,0.991583922033256,-0.861625173498485,-0.660385928767131
-2.05536593382813,-1.55981794660278,-0.851953546340217,2.11492750866449,1.31289267292637,-0.601401929632236,-1.97998008373147,-1.72016945667559,-2.220745156142
1.265928861611,-0.319571142002427,0.0500982607848011,-0.792722006798537,-0.857602685036349,0.455772564400357,0.264841082018974,-1.02391262003806,-0.687311457918166
-0.820296959370698,0.635113548556413,-0.0532933324076908,-1.29421262479642,1.85818468697025,-0.662377830434673,0.743291565340282,0.754735721046544,-1.40659380388368
-2.06164882566099,-0.583755056197393,-1.88942007054062,0.696178643381135,1.84397996561253,0.585776739610593,-0.967893275638674,-1.72805789412108,-2.0791920304129
1.05925564130552,2.36540993138366,1.65072802810415,1.2610665101873,1.14324906070631,-0.458854061121883,0.383639072764946,1.99896915554709,-1.26434623586962
0.591743934390845,-0.351068509407382,-0.380844992817447,-0.6106827838684,0.47426132489932,-1.39115939555985,1.15302712077473,-0.278535127571768,1.8920706878373
1.18474137069064,0.423782411158908,0.70275262157428,0.461618039814719,1.93386567540095,3.61992509431482,0.294608723651517,0.224177976124547,1.33235996985283
2.42036771937223,0.146613415691242,-1.56464842152616,-2.45865684258469,-0.0346597239369524,-1.2240506961639,2.9117008519621,1.60717888453602,2.48001603706085
-1.15189561534172,0.404459474567077,-1.216163596269,1.83412656231871,-0.726916512344574,0.743674647091108,-1.21985484058595,-1.54132122349109,-2.14757396945517
-1.57282409295264,-1.02694570134035,-0.651578092244429,0.635381434537511,0.921316011178086,0.918274879774365,-2.71060887277071,-4.3333732752055,-2.52753999222771
-0.282997839207093,-0.928920507310981,0.0923817044506366,-0.915279197745944,-2.76336677834048,-0.10253077768507,-0.291151718080407,0.736751598066813,-0.306824665323761
-0.522333915727362,-1.4629118934148,0.43082843196778,0.382496749421378,0.801763440158119,-0.0804810031920869,-2.46856843203542,0.776395471145363,-2.06524478295716
0.50194643955672,0.401210220052095,0.71393721356614,1.40193757943276,-0.757936226158216,-0.689757122235418,1.02538814864488,0.894645657620122,0.0974323849699497
0.294054624806492,-0.665691604301544,1.2190023894866,-0.288373915995656,-0.39739793510068,-1.29990781193171,-0.417704043521146,-1.62438892377177,-0.929979809195181
-0.0489507080886048,-0.516144068981906,0.464544030782131,-1.07362536005453,-1.75990012322835,2.1354678850544,-1.09150996429795,-0.881594555152554,-0.946988092684931
-0.676812186733765,2.01093353974599,-1.18188432538214,0.643654820628051,1.51755247834893,-0.737670249222474,-1.9500822569278,-2.58108230698647,-1.06859406310037
-1.38236059855661,-0.523252360964318,-0.0818982017314703,0.215176144961076,1.01283560545543,1.85907435853729,-0.808124764879845,-2.71248733751046,-0.833320355981531
0.349636043138108,-0.615273836879752,-0.328462007205217,-0.438810453253285,-0.526112992034488,-0.901802742766343,-1.58510698542624,-0.898392457880402,0.723887112094743
-0.657313344536761,-1.00604661155431,-1.22091453036566,0.459777674441428,-1.25679419501761,0.624336544092093,-0.969742636362703,-0.481279913765895,-1.4491179114126
1.26992565621571,3.24248136890539,-0.124670920769111,0.88163127595303,-0.831316198369474,1.05982094365264,0.288153670989803,0.638201644554398,-0.10683904879224
-0.590281691418421,0.0112089454127033,-0.457734275525837,-0.236761995618634,1.02233045682125,-0.40735692644875,-0.810775411917039,-1.09686351310692,-1.32728328778001
-0.0998946051534003,0.531764247090299,-2.76690618563433,-1.68081679543406,-1.66581664384154,-1.36601025711562,-0.466637531727784,-0.951085548693241,-1.97668923549421
0.643888696815327,-0.716602210899761,-1.70831645781064,3.19833720883895,-1.0349232310144,-0.468713273136846,-0.132597476011013,-1.08944107178189,-0.667675734646753
-0.475323011928149,-2.33139309444126,-2.69235173096979,0.423874565923368,-0.643629359804632,-0.846469520629556,2.70286487406906,0.891534084343607,2.15576434733595
-0.964517788852908,-0.0756848605069324,0.197118731640086,-1.4484178858832,-0.153882990016211,-0.45988024902362,2.00614959138937,0.26573186119292,-1.23020638500145
0.0973847915300758,-0.350216573034029,-0.941263558863665,0.351991391727188,0.220196573081339,-1.62866465234673,-0.937675522396917,-1.86420142025915,-1.6006133212839
-1.34452926067835,-0.641361550518672,-0.74382864055522,1.09267879939163,2.35470043693982,1.07726461748166,-1.06989760631104,0.896681015431221,-1.20472240346253
0.359895975192946,-1.40526996316062,0.848575836704266,-0.97747061792107,-1.545708349132,-1.44534121141531,-0.669918272819569,-0.092279399373536,0.364627583977968
0.278238200811531,1.55005319573043,0.680390468695948,-0.174213823936282,0.198273106839938,-1.76704784994959,0.172752280724853,1.35621053438773,0.187956245081591
0.772181986373118,0.401545255546593,0.678744435357449,0.129719829856961,0.271133719569355,0.951688724561717,-2.44183867110785,-0.599175182460655,0.376875249044505
-1.21370659145868,-0.942841176223819,3.38523640512487,-0.924551815186478,-1.22934350720183,-1.30081879842846,1.17481202019534,-0.84824883951648,0.0442021852028854
0.479895350496805,1.67165166493063,0.437533417296667,-0.574709686172455,-0.10662973916398,-0.970607803683409,1.05055728788745,1.82133999101742,0.954037186988436
-1.20725374076331,-1.11739492668684,-0.962591212276133,0.326702906783533,0.0761037346187076,-1.97735976369958,-0.85291348252546,-0.68215297920212,-0.96749118157491
-1.21175507709868,-1.31445962522096,-1.80103315836213,0.610420727982347,-0.00626696966852994,0.197086744102642,-1.74030417796605,-0.659226646990825,-1.04752245098188
-1.88164011185868,-0.947253685491389,-1.57786082825581,0.553502099092547,-0.512880881529582,-0.1159459817817,-2.46648216935489,-1.71828491819115,-1.03121614942659
0.549186529334353,-0.20470552078515,0.472790545954433,0.746777533927118,0.382013424402961,0.407316563012249,0.521967737115674,-1.75556723906918,-1.74797235827364
-0.20346507829371,1.56338204060623,-2.29242914369262,1.1836033044146,0.7867006251996,1.26818100955699,-1.81721013179421,-0.303454261237929,-2.50211216468653
-1.82246949083356,-0.00424955485935828,-2.28467928158683,1.28761210099932,1.50212221353775,0.395395303797053,0.569794275449262,0.985440425673196,-0.185456443969451
-2.82356244042797,-2.35102906245341,-2.36840106561547,2.42050769882901,2.74364165664108,1.80567026624531,-1.49400686640626,-2.43198346163365,-1.13539161521351
2.87843514338956,1.74410419036148,2.06143339259375,-1.91190193652713,-1.53885438856876,-0.114272353603919,1.12948708859894,1.72447961743471,2.00145729452686
0.866112716354073,1.4902651398459,0.344900631327665,0.768561981985481,1.39887007124358,0.317583258601634,0.668179209945046,-0.26955637095582,-0.10937898401341
-2.26156327431259,-1.00831585682689,-0.485840063178618,-0.517409909243641,0.4017316221435,-0.719886418572582,-0.612756713790377,0.0154375590623695,-0.789293383165562
1.47941770468558,1.85408417637108,-0.878404364205783,0.94508835714416,0.335443575695334,0.449824246544339,1.90003756829311,2.07736940318637,0.466928615372534
0.674401373476917,0.498041660352755,0.349379550545407,0.0466011280179401,-1.08404192041433,-0.558735882506736,-1.00872171971434,0.232296302464367,-2.18034310976052
0.29164723467475,-0.478172560662578,-0.0487328377895476,0.587934823437663,1.53591885404375,2.42794515348258,-0.0466931413121365,-1.34525792014898,-1.68093088377104
1.19593855617792,1.99947615857584,1.1609987786843,-0.893183977685239,0.860886747935859,-1.2397009510626,1.69996013103095,0.439541344527153,0.769378360695827
1.29692883886245,-0.0410334353641322,0.385249058043394,-0.504631267908321,-0.416706831603335,1.55844676469661,-0.0148608677035541,0.442944763722228,3.54023070727768
-1.19519375057508,0.826349327998965,1.44324832053557,1.23690862550364,-0.787812732515529,-0.284803529972107,-0.567524590600633,-1.28574387647926,0.681834673895098
-1.3440988921757,-1.8840569962991,0.131894014732007,0.169625143448144,1.77422367561799,-1.65174303289995,-2.12821272205312,0.0161230225373888,-1.05808705457113
0.0856202418559111,-3.44394616075804,0.726726914954783,-0.678647598700522,0.538091311734023,-0.0711578121295837,-0.986734972667172,-0.323974893468812,-0.139699800876254
-0.527736781120954,2.23115672273153,0.633291819303234,-0.656283747333676,-1.23436323833794,-0.631543775995618,0.86784981448487,-0.308331473752737,0.685131946951433
0.826693877606545,0.128948269216964,-1.08639414316623,-1.57672684641782,0.444178651386425,1.15690563939038,-1.52416834524623,-1.03838423778184,-0.621813410071091
0.454914122217101,-0.552119691851181,0.870615184293523,-0.61030890602898,0.308771678397953,0.163405804624625,0.55240544098409,0.789409669054774,1.42629983828652
2.80847420169113,1.96560357450546,-0.802378717442254,-2.59517373099753,-2.09432103729137,-1.29315154645366,2.97557265505612,3.83180401694051,3.26871336630493
-1.40718970250557,-1.20419616003894,-3.0784230068477,-0.784259235830068,-2.61710757326384,-0.776359427506838,-1.7345923659326,-1.19472941668599,-0.656696855740909
-0.566709773766268,-0.0871920495094377,0.634566617992389,-0.148039863781843,-0.135959730124864,0.319302248699951,-0.388055470543878,-0.629189644151545,-1.33704996065672
-1.22595938146391,-0.0547980561351111,0.255129889383685,-0.49787281013729,-0.056814278391935,0.421655922601438,-1.25115710924912,-0.4224206975783,-1.96818781515253
-2.04323829416369,-0.754863769837223,-1.98206986932196,0.793126247305045,0.794753375573098,0.063809086266341,1.14893044694639,0.393056792868127,-1.1935319464177
-0.993837744224431,0.49838402765944,0.847912229419038,0.966612127744349,0.192832094028268,0.409342936258706,1.76959270569592,0.757948175311964,1.75620866662416
-0.602295154152202,-1.4563773934222,0.0135764612608237,2.70192162203809,1.94900977063578,-0.102336958686032,-0.880299017591053,-1.35391244104114,0.0360940261200538
-0.358400159936576,-1.40905171540274,-0.000733142462209222,-0.771845421054336,-4.05314942561234,-1.23723912047255,0.420911895238388,-0.700058591516901,0.844773555456527
-0.175432835778598,-0.561561711600391,0.621330220699428,2.04678160692293,-0.588175515828062,1.56508961917479,-3.38727729269158,-0.862321803482016,-2.32064594320645
1.06169406321812,1.18415691395915,-0.655892846587429,1.73265812426219,-0.123708043101193,0.902332217068028,-0.604314467429632,-0.234212479135294,1.02639336655036
-0.756516088868546,1.14946471470365,0.0803840252333138,0.6549122560919,-0.252080222155191,0.334722526856679,-0.240926519983506,-0.839755644299661,1.86777570205692
1.25911773537762,1.00775688419067,-0.0971298781864509,0.699607296934218,-0.381967659609599,0.359989110735416,-0.458565248324523,-0.0300880096509358,-0.250585177757145
-1.54879813833744,-0.924587938976708,-0.794146543534691,-0.701720232544189,-2.02054625874714,-0.570172040004466,0.39510764153877,-1.56294708578119,-0.916385497380268
0.208517517982446,-1.80902141948378,-0.348071854131248,-0.643605687676612,-0.282269288367062,0.195419948180034,-0.731785901123965,1.19667219461345,0.51836536779083
-1.03648376081449,-1.60792849468556,-0.788154175726553,-0.29866021548139,0.281019864565302,0.263683088602288,-0.370027694870287,-0.350790949563833,-0.134908096914598
-0.176883880396765,-1.42647932046262,-0.0410363309245506,-0.614041842254358,0.532213041643467,-0.36379234296904,-0.0718082742232437,0.191579035262665,1.92573698464821
-0.130979411399723,-0.158095383027678,-0.551779338147923,0.1974081591458,1.15983480594659,-0.702353820842611,-0.686285126228827,-1.20115079454783,-0.778817099855805
-0.0844529951348851,-0.381704022504121,0.248081760695635,-0.0864533605874182,1.52803677364144,0.384711862076369,-3.05076273082715,-1.78633594027385,-1.55350469806331
-1.65894175714456,-1.70250359314731,-0.351918772181425,1.37289310966562,0.174677233481451,-0.550278499444017,0.592998911541243,-0.966959293971484,-1.16567643326941
2.34245357232956,0.856038146210633,0.262188641711158,0.0611054179864042,-0.572914618656556,0.550208990086248,-0.0954356033696319,-0.359974983864197,-0.00800563370796229
0.726510665566516,-1.17436172990582,0.600498525042378,-1.22558500914545,0.282057047782327,-0.296406850193142,0.457922743425209,1.0038893129508,-0.277914951010961
2.11391469544459,1.79578313892145,-0.0539873515421322,0.697068932408919,-1.85543386372418,1.41478976625124,-1.17484587101748,0.144780350666068,-0.498650587114182
-1.10699376296162,0.947455931300434,1.25243341460718,-1.16707540572505,1.16400536542924,2.37682041355262,-0.00276614669917832,0.232230312467093,0.188450401962991
-0.720427577423706,-0.915189475996124,-0.620301744222329,0.128328712173358,0.351435706310564,0.022200636106308,0.662106450814943,1.67778846375404,-0.554350899847532
0.0898456084252002,0.478800600584683,-0.327769396828699,-0.053932288532586,0.240221241857621,0.133263381954034,1.52088515378014,1.2107609151511,0.300303134596607
-1.24106558951553,-0.583260916286987,-1.82373172331499,0.280753159357048,-1.3026053101887,2.97369042605225,0.77486387374387,-0.87749256289824,2.54056201507181
2.12610297871498,1.35783433561966,1.40703701063521,1.5602810978961,-1.37974347627058,1.40148505004593,2.05689076667026,0.782349381511294,0.910730096185745
-1.55692581033498,0.233816287608802,0.689048281109922,-0.919867402993938,-0.482961420311102,-1.80373659458354,-2.01690680894872,-0.188596792665508,-0.595553790336752
0.0207787756583014,-0.423173064885215,1.31557905777588,-0.701791463091942,0.21063810895077,2.58922120609693,-1.79744393291592,-2.67961507707046,-1.1369349428969
-0.512961005227131,-2.49480413033564,-1.69157944614152,0.871499355457528,0.651099697671286,-0.485471994693223,-0.0345917818800238,-1.67252681986051,-3.41169620285006
-0.645430138585475,-0.458708954989358,0.362155807568241,1.22488459020177,-0.867130291045169,0.894657662768128,-2.21396318830551,-1.7154718315221,-1.45916147968887
2.38486312795607,1.44304809953496,0.883520703856673,-0.585370423162653,-0.978662480236425,1.52183669141031,1.34085888685805,-0.146305466519128,1.55466765485196
-1.02717657332337,-0.582073165746205,-1.69747607396403,0.650469630687382,2.04333820826809,1.80297047771805,-3.12908303123003,-2.41435116571765,-0.740849849697904
0.461349749247336,2.16367127892628,-0.577647730701889,-0.517242501912548,0.380969906084748,1.61102743238515,0.704537483135959,0.928183964875827,1.63297303452632
1.3029912721092,0.840642588721434,-1.10357777324527,2.57497266828843,1.33734371085234,0.2541217687201,1.04852484555371,-0.305672305076129,-0.0160442867391729
1.45863773471091,0.372335176293475,-2.2641179954844,-1.76281871074248,0.105133686317425,-1.1573798302326,1.34197261285032,2.36592665045612,1.25784187071576
0.198929848229458,-1.41315714982148,1.58660638546929,-1.05374845829706,-1.52374990820101,2.69667476908408,-1.75951916495322,0.710925618164788,-0.0975638919503624
-1.19354291476314,-1.51308028021513,0.0130885070253536,-0.391083950285614,2.32268434416057,1.0366540512057,-2.11589031670831,-2.72522975872673,-1.98467564481163
-0.594090343422471,-0.807168684050366,-0.763937187367598,-0.939369446524806,-0.394323345032453,-0.656500418099703,0.764457522131027,-2.07408744291124,-0.0712368943954194
-2.20597902147683,-1.15648796556509,-1.9217314593765,2.2690812931955,1.82512155225978,2.69380197485925,1.09302570881022,-0.0311497261870666,-0.119102264773137
-0.536178141955672,0.4192619104002,0.722381968276644,-1.03449147816502,0.449237379432571,0.184711064772181,0.0848048678375146,-0.282952835415783,1.26909767706395
-1.13880322508796,-1.69200348179595,0.0824905343672919,1.23905221056021,1.68657559172772,-0.594118137019242,2.11689185888417,0.369557318243426,-1.35430340164878
1.45893766838002,0.290549189348469,1.77845076266113,-0.312575800309031,-2.43444427800476,-0.435904570212246,2.02124836673022,1.6862817072793,1.47003821062648
-0.670958648020418,0.90728908642361,-0.580530466297274,-1.11518491056643,1.19431447642287,-2.549911404127,-0.991568227354356,-0.113700060619202,-0.931493134454089
0.273605531166176,1.13968146706265,-1.28614714616088,-0.167849704608287,0.606736668511909,-0.41122283874707,0.0360341354945676,-0.201257639170042,1.19450835283406
1.44590366974792,1.21532271330704,-0.836300224016311,-1.41284703103929,2.64949998584121,-0.252841206229157,-0.228345193193943,-0.905948637935737,-2.33646541880807
-1.25402439820123,-0.812939840934365,-1.26452108066141,-0.221406895061113,-1.04341620531238,-1.12361967099205,1.47042565032229,2.5190488741587,2.88849263866888
0.53031267570301,0.212211946574554,2.27833910685517,0.0987710470889395,-0.45151262363331,2.70183676608717,-0.0505506721590586,0.367265847539131,0.954119792951158
0.97841039192429,0.565903041493292,-0.330655337893745,-0.724061975032955,0.72172154155154,0.787738203728511,1.48213972248864,-0.194278490973294,0.472723343427651
0.380461002085403,1.60045724295698,1.90284839392559,1.99622827402764,0.676621504506413,2.02601342013749,-0.944234990867369,-0.520165293671962,-0.433354719325831
0.254656945903232,1.17072154637291,0.999658612356364,2.04486819198576,-0.406272275238062,0.171591082039986,1.10208823810974,1.99193925072067,1.37139410667013
3.54473187735027,2.11529128332387,3.04909896193152,-1.55546600081825,-2.98487550017679,-0.641909442091931,2.834589345804,3.48986689594094,0.560527731880696
-1.17888189497173,1.72104623963439,0.016206587220164,-1.27901636913322,0.836610648369473,-0.587473338419039,-0.186169789919417,-1.4369821587104,-2.87132293111585
0.665596263733456,0.838100261638431,0.305826308235821,0.467471170261067,-0.982099684547155,0.57896270876838,0.16010379005177,0.286730252635932,1.36248608286931
-0.419247009227,1.18205276756926,-2.17936347378488,0.872577021052149,1.94608052951069,-0.0389133829143241,-0.385440835209989,-0.948448309020102,-0.220388774997594
1.67191638403956,0.585023612375413,3.49539963284145,1.44009837352225,0.873688825724966,0.039194698876033,-3.01508612792811,-0.811703983860898,-0.406384883608748
0.461916354414733,0.0564806735673247,-1.76391306787681,-0.0850314325247174,-0.390044320405413,0.639659281897786,-1.68703202812892,-1.3874180852088,-1.56161293348066
-0.262111775395786,-0.49802373875685,0.320249913078695,0.716087801426269,2.06906276946495,-0.717208385723385,-0.966085805544453,-1.17870497710966,-1.40649812928264
-2.05521582963841,0.774185159631608,-0.195114367496503,-1.59848745643478,-0.119462368365123,-0.122676656142761,0.579665594595351,0.755710495448947,-0.775538709350759
1.52535356162732,-0.296733450230117,0.961886690410845,-3.58057703174393,-2.7105001634499,-1.7495668357308,0.0874750199697565,1.62388148235004,-0.318376692362707
0.670604912402478,-0.704270845031834,0.962474940044915,-1.8581264936763,-0.976920100144434,-1.1334053916778,1.13925702647065,0.727836513292885,-0.330769730097421
0.0492721776555905,0.102646865305687,-0.30992805023762,1.59368142517567,-0.436425007406919,0.00715862897365361,-0.671160744639793,-0.777027899385519,-1.00132930060073
-1.70049147846876,-1.25583868254723,0.31681580126691,-1.28933647895274,-1.19091243654092,-0.518406295605267,1.18550477482396,-1.03414499119766,-1.22934125892717
1.70616537578837,2.16398667738778,0.143660411444441,1.31591984819911,-1.00187702664469,-1.01698511094988,0.967065332311789,-0.321323467338539,0.580678743056912
2.49892408882359,1.38764948951593,1.11009399784085,-2.12482570299268,-1.16527861057851,-1.1036572248175,-0.0995641030775007,2.32242708331015,1.80666621585025
-0.0195220568887525,-0.702350874052938,1.28286125488142,-1.04537505223984,0.485504700632697,-0.133638134472886,1.24267776397124,1.15760123794099,2.25789348490803
0.429636459261654,-0.616692715579825,-0.866093655657927,2.20555211086489,-0.00915390079654665,-0.377742945992337,1.18395729003824,1.0772058391665,0.134254813136158
-0.253406751942728,-0.8552758022821,-0.29427436205063,0.0666687745836415,0.645528917911383,1.56790128162027,-0.487449436456952,-0.454936599174606,-0.849503217291046
-1.01683748662277,-0.619643743256044,-1.43893675544502,1.79391661949759,0.319315154872556,0.888944524723001,1.5307086522087,-0.288608973242073,0.743191223497215
-0.936767654440378,0.323691602181916,-1.61786688473757,-1.17472319022735,0.983745258633431,0.884625556474823,-3.45464476302023,-1.86868467723858,-0.843928472307234
0.404126185120284,-1.00574256404094,1.6053045227698,1.17355312930564,1.28821088334041,-0.5170138130379,0.932344007930442,-0.731541407420834,-0.84965509788335
-2.31691211034185,-0.473957700930481,0.349961994322771,-1.63029088990067,-1.64313822036844,-0.0298532459805901,-1.68101330442521,-1.2874673885224,-1.55405079264592
0.393921202209246,0.312012699894108,1.5706464339015,-1.82681500971082,-0.829479520191046,-0.877445591055766,1.11426612608852,-2.31045486497714,-0.175887576758791
1.87249152598891,2.05134631422346,0.53587927895539,-1.52082489040813,-1.86559541625404,-2.45609345707246,-1.17923186879581,0.241797559873338,-0.34192959118145
0.379165094894704,-0.0338768729618832,0.263515039430378,0.770011681345442,1.56898660919713,2.14977229353621,0.331085600716421,0.838310128200898,1.04527615831417
-2.46914436426424,-0.548216068876974,0.0815815434360348,1.5855906996379,-0.295615036136505,2.05404563272997,-0.904140239225361,-1.95657103449346,0.0560634104965814
-1.1716123818378,-0.570458983803611,-2.06776596002224,0.587608766041964,2.01947561695296,1.8358239373133,-4.28292161017186,-3.1034600050899,-2.39018747775757
1.47629117677651,-1.29468690926638,-0.568246538270145,-1.04479567547628,-0.199125152138117,-0.472788233565205,1.31866966342781,1.03699624364353,0.587845521328904
-0.436974905207307,1.09047546703936,0.705168873909284,2.73483082643871,2.90272171233001,1.44510631808259,1.81242588061317,-0.832714053199603,-1.84266008364083
-3.37471976471385,-1.20593370923887,-1.95757729237232,1.41203693832925,0.97245544487901,-0.446268032039485,-0.631944916122924,-1.8490300757736,-2.63672172520046
-0.340049962744324,0.746717054225838,-0.304667522025446,2.13994942578866,-1.20838167253937,0.212579424556088,-0.0963707341658246,1.885731050923,1.51486352045041
0.758690370111216,-0.624291013390817,1.14358813515237,2.33195891182093,-0.590724163163905,-1.91405149265868,-0.890525575579312,-1.09422942858154,-0.611395667813951
-2.74099182925005,-2.74202071960212,-3.54068457713635,-0.693935637516435,-2.7333965732072,0.29503936757189,-0.566720042720536,-0.942892044951632,-0.293075448703594
-2.41529585739334,-1.38557049886715,-0.978369863619255,1.97306741481457,-0.951574118714355,0.594116738779714,0.181274456141397,-1.15021518100046,-3.43339051655404
-0.234327934311092,-0.374978702700128,0.474650321792433,-1.42001306653529,0.70180183811326,0.399605349047115,1.95016860492654,3.39509126027811,1.59939035528174
0.862291452574851,0.986618760885445,2.06191848218559,-1.85604497519838,-0.840974945121906,-1.02778888247434,0.0563057081907328,1.22661795850515,1.84839944306831
-2.61967420869229,-1.35955609362024,1.20928030383989,0.835629805032589,0.200873124690902,0.441817110169236,0.661586602394113,0.10040650870939,0.711021545707135
-0.750098147243075,0.258025246740421,-0.561317349847558,-0.298968062263159,1.01268520156999,-1.17817249697883,0.0672468015512757,-2.15741620865768,-1.84855805160192
2.2470327481332,0.259714217846848,-1.36053185329236,-1.50776627418899,-0.554833205626827,-1.50233685096238,0.339773648852495,-0.248817987785747,0.71090053259769
-0.865246543444908,-0.419041957625172,-0.557295430066709,-0.518488881107257,1.71813377508042,-1.52023094250829,0.974089773575202,1.74701702382999,-0.07218892196691
0.362236888026196,-0.912237250403878,-1.20695081963736,0.01525404611032,-2.00439964273854,-0.250005590607644,-2.32737763958496,-2.52544757207527,-1.96563747336929
-0.140581592180777,-0.473875457131503,0.60906109128875,0.887875743512336,0.460505522861921,1.6421255770268,-1.82108793563127,-2.75188464723524,-2.85852623759806
-0.677746817633089,-0.707784720093611,-2.28879989073483,-1.82817676804685,1.29690243343134,-0.203909385293113,0.816663945108973,-1.2876802685051,-0.935678055497107
0.76014225275462,0.24953213873914,1.25449452681227,0.492324048000383,-1.36367580312851,-1.28950018663077,-0.580478176340254,-1.18926574715627,-0.0950328206783747
-0.42289793625217,0.203128931518944,-0.429441688913744,-1.56804504861825,-0.435517068830131,-0.41604538258544,-1.56823542708861,-2.35460265534803,-1.49604396728766
0.344417242277737,1.46816072697234,-2.91162321593062,-1.37642199565395,-0.204611983628105,-0.659140667460695,-0.0849507202940945,-0.932255067484728,-0.892000519473587
-0.88685149788673,-1.05624989016582,-3.62979526785192,0.910271935521379,0.726617845934749,0.344595706082312,-2.48289375750659,0.254230294648933,-1.15574732919083
2.25752194437541,-1.02471148409039,-0.861059339920132,0.26781606678163,-1.18030999280409,1.06792656160149,-0.935681901176948,-1.80021350469142,0.257087881017455
-0.874472286739181,0.888306905272377,0.143145977660581,-1.46580158719376,-0.705882505846717,-0.71720414059985,2.53499352807234,2.61553467790162,0.580909956409783
1.04086094063774,1.83933691219311,0.0587219379555758,-2.05622640901756,-2.42844221923975,-2.04107791057618,1.51633809388603,0.323267904224336,1.82077845196055
1.31920896185748,2.76741087638555,0.0820684695931381,0.326110952508073,-0.512165238445684,-1.99508693175424,0.674334112086383,0.980210534746319,0.115615168066212
-1.20579301131718,-2.41669444336944,-1.67091105844599,2.72337332045536,1.38391034082476,2.68398216228747,-2.76403824953797,-2.88178754330863,-4.4735053105875
1.53388044794617,-0.462492852265496,-0.211837019149471,0.319978280239938,-0.269637257409235,-1.43910894068064,0.0631648018532044,1.68687457146143,-0.555010413509655
1.28435264195105,-1.9127513970312,-0.369599408769987,-0.159120218355479,0.908067683444845,0.819618633355428,1.64936284463499,-0.00378944857775308,-0.179362667811998
0.58736266032425,-0.774051477536975,2.07909272292208,0.0153919044213292,-0.926741066687111,-0.429974769850093,0.838025628710778,-1.44902703873581,-1.68229208363019
-0.24949180995771,0.926938059111836,-0.707362329313445,1.66639520646079,-0.223488465793686,1.18565985037836,-1.60039030224885,-2.46552867815403,-0.191558724799497
0.648234871581237,0.647903450031742,0.617464401145607,0.11523739200597,-0.409731884540564,1.81423906399808,0.0925887138584168,1.9108379235874,1.78453764133954
0.676502822872763,1.187307988782,2.05825877914227,-1.99457928237569,-0.123954077625719,-0.851003724980308,0.750610214106884,0.621126247003708,0.956567256972066
-0.280695143540842,-0.259604570462,1.07156262935003,0.716457509119466,-0.294734015045939,-1.64291092643068,-0.644218598999589,-1.0372248459796,-0.454116830002117
2.766526158504,-1.32489145851099,-1.73375906724203,0.728763831887931,-0.0498909145515199,2.22540624987478,-0.89258053077668,1.23663954659342,-0.65718824152596
0.21196505613087,-0.749924597106117,0.173530746372916,-0.381126047382737,-0.69067805427891,-0.446268232875793,0.427223455354089,1.63318535316887,1.09336513032066
-0.918286669443295,-0.418666001773082,-1.14222780801197,3.8178644526158,3.49628715370792,1.44585999869943,-3.05171819425718,-2.02555907605266,-3.22640577305359
0.495274032668803,-2.01854980547689,-0.863677402791822,0.836192053534086,-0.0337845993096317,0.235682407561851,0.240087523311724,1.4901293979932,1.06280910016705
1.5081272356244,-1.36524144241893,1.67568774947116,-0.919097027748239,-2.03182095659269,-1.25786655484532,2.72224150209372,-0.528875484702947,-0.26676302788454
-0.127060775200376,0.726872223434109,-0.725887710795768,1.74587448465587,1.666783540015,0.644909988084667,-2.23068499639835,0.654339130746836,0.634750821163444
1.30103619518356,1.29978432840561,3.19634506229794,-1.78731692175345,0.028093364913784,-3.06049078975395,1.85653299915032,2.02391913562383,1.54255549014932
0.859140925719419,-0.315362316952723,1.88938639447938,0.0293022571971817,-0.533327553223171,-2.68617619768258,-0.130127118177924,-1.69044537630574,0.716196128207526
-2.0726370470816,-0.161401875019968,1.64102472652871,1.06319632909523,0.320591211357393,-1.00912527001297,-0.42594547074956,0.732513163246938,-0.101842651946576
1.10186509663596,0.939278885315438,2.1106190922725,0.19613664856867,0.496834877360072,-1.51085914597058,-0.0658524481178425,2.20896889642167,-0.951311452143139
-0.435600990288164,-0.326637250426547,-0.772840964220808,1.91113024828324,1.34140224743525,1.78695174713721,-0.209015450114076,-2.21595753719721,-1.43190244534778
0.347076132599078,0.688770028184008,-2.23953100187961,-1.80269528356838,-0.219087741902086,-0.161623431379079,2.1530429384272,0.322233211305286,-0.70149072073511
-0.951996064901892,1.41900715799344,0.11795314283835,1.9761164933529,1.96099362045027,0.54018316591986,-2.39114330130307,-0.409232942187785,-0.829457419222331
0.782396090056958,-1.40186687870172,2.16075629198965,-2.35621310472111,-0.195650334584381,-0.705582959313404,2.31992818435483,2.2619159270784,1.11425852301208
-1.27252700111622,-0.0597558703130682,0.169607152019555,0.954815457199256,0.255527172930654,1.46397688582626,-1.92879680516414,-2.12542092341395,-1.5931936298711
2.31307485049938,1.38797074426632,2.87324044762649,-2.21638064433449,-0.706967645069177,-0.674533185073501,2.1945359246421,2.03777484390834,2.12831314700001
-0.537393448527939,-1.28332770863114,-0.988091981611012,-0.303359615721072,1.99703785898948,-1.24824734025936,0.553928671732666,-0.355784297930425,1.50655714816587
0.584406754055319,-0.0363658959251067,0.276210284018782,-0.915115964980016,-0.261210199162159,-0.40000741263615,-2.28612051964038,-1.20753631531394,-0.399777227102022
1.35646087972188,1.51365820973683,1.39464803931832,-1.00171587264326,-2.04863847172387,-1.385613921336,0.204694903409928,-1.32422931581795,-0.126523025671293
-2.51844438957473,-0.667924132300142,0.08507499297007,-3.23488840870493,-3.54076663890889,-2.2495359160274,2.96182027415477,-0.508611326588046,2.20994354083341
-1.12968638417795,-2.85027306820358,-1.58600424747696,1.48753788024768,0.74155694588958,-1.11226805551805,0.410383463170649,-0.676844140650847,1.88657845239606
2.05254192757602,0.498228313721925,1.19990263082541,-0.723999700100326,0.132719042170765,-0.486478975170405,-0.906452304000046,-0.566391586028391,-1.29507065147405
-1.67860043198853,-2.32580082798316,0.210826750885492,0.913051259398641,0.59905114226672,-1.40533220387431,-1.41625079058081,0.924048358350285,-1.63923170506739
-2.23645971233429,-3.06094785582914,-0.897314745566175,1.93724905675941,1.41726123372762,1.16575381310443,-1.65795615053669,-0.204156840950291,-0.887722857492452
0.0381479238106988,0.0168430411402301,-0.562740791932023,-0.555635978356267,-1.0475301503858,-0.279387949754204,2.70537849660433,-0.194239996773883,3.05086612266187
-0.323848512628897,-0.476903666089867,-1.17182119270395,0.664734690259183,0.124638756204874,-0.228908191389759,-0.375720923776314,-0.578171915876093,-0.455217817698982
-0.683918928349377,-1.68803694788075,-1.07638766914931,-0.509138076890652,-1.82952491030195,0.333695613253862,2.79378806746075,1.37983775720483,2.65199935374497
1.88327793049274,-0.306934549500841,-1.86020369217212,0.835006439332409,0.900455387488915,0.558893507555145,-3.6354683431299,-0.0402207444693749,-1.98402393693925
0.767509898991334,-1.40890102431609,0.637110618186871,0.5035596844211,0.274846075204784,-0.424276286586671,0.0539869623629555,2.04370616718025,0.553201311091836
0.354815503122589,-1.53661485541757,-1.28712104333296,-1.00268622116138,-1.13655319667055,-1.57107825376037,-3.18799443378314,-1.60846468761743,-0.864484448187924
-2.74118262935996,-0.377762373614738,-1.32613194026531,0.916002528209636,1.78644180090162,1.24420525804272,0.486387089144267,0.610860028218952,-0.516476181353153
0.868634668886998,1.6103055816779,-0.527124173423844,-2.1508604905506,-0.692617738547004,-0.402538365751441,1.45202803931698,0.145441917500301,-0.388244663286555
3.92680653431167,1.13554006422426,2.00310735006167,-2.37171043487958,-0.337697485599468,-1.45516852294788,1.42495748839778,3.00057888408864,1.21236695876645
0.168795693092284,1.06690496374864,-1.61023293580463,-0.629021582122044,-0.763988078664995,-2.17785400400569,0.380381640967348,0.083223041093816,0.504016915571752
-1.36377488196021,-1.05547601370662,-3.01591626260758,-1.56832956720717,-0.948196804123025,-0.423478018760391,0.0619061553239087,-1.94658403309529,-1.73270106914803
0.235754179384271,0.00882720533419514,-0.272144337939072,-0.937471861041867,0.684761278850803,-0.552682720880679,-3.34336344062137,-2.31568242244686,0.665364063004572
0.251328851398962,-0.826746082265109,-0.429726309307576,2.04832141501223,0.608672905282296,1.36332011986345,-2.12746262492093,0.0223193526404834,-1.51887572704153
1.65923146316453,0.0776041603848558,1.08397346533341,-1.78316800574081,-0.791529511729462,-0.093650613035399,0.651278145238184,2.24468046725724,0.305355404589854
1.31259876666845,0.437242295145308,1.4665335083968,-0.177990742248504,0.830042314096447,0.552754780791656,1.46894031852707,-0.396617191152199,-0.65566880650894
0.431490940963332,0.355481450534321,1.95820981812086,0.886821474968163,1.59049838655812,2.02962961718675,-1.13223072257279,0.0672810274573615,-0.54717774289101
1.48766304572205,-0.523056579845033,0.835001814797798,-1.17007502425732,-3.16580331387077,-1.54751763965216,-0.525485265843002,-0.527399382502294,0.643652662646481
0.856462091767762,0.368319653428427,-0.771652031732932,-1.93847402529189,0.203964950933824,-0.697322994472723,1.30840707403428,0.573349587842926,0.0179635627838178
-1.13749076694178,0.053648549235611,-0.626423429146418,0.320344701633192,-0.645207429425573,0.713544659259789,-0.995711346595394,0.0307171451417508,-0.450760675222518
1.06521588698212,1.05905315914442,-0.179200015353925,-0.786142402046206,-1.11432706054831,2.15703256861413,-0.352104083972817,-0.298452418509031,2.91110003758851
-1.14397897790402,-0.409731978514811,-1.44505775662544,0.00341517416671135,-0.588172812123717,0.0679104636569419,-0.336499046779745,1.7232929063278,-1.18383380252345
-1.25380629302688,2.75546665134308,-1.09088781936868,1.62432646384758,-1.09268457928294,-0.228035946766451,-0.590397950654357,0.857924770165544,-0.69708809072932
0.749510712548733,-0.402409741055309,0.731168665923494,1.43794277589095,1.60566321298812,1.12793219602279,-0.36636254419794,-0.590717350996879,-0.318455398722543
0.260113615635512,0.519607222875705,0.667006881645513,0.185693177146492,0.812798636623402,-0.910839545890945,-0.17085415493455,2.3646442798256,1.51756571707868
-3.05630957562198,-2.14554990311056,-0.284000803715243,2.56277118064767,0.967048282320799,0.389610470175066,-2.21869358402896,-1.75088951824974,-0.770414927067073
-1.82314672231426,1.24058077951499,0.125281730900602,-0.252672412570863,-0.691153480634934,1.77850419159821,0.395967427617569,0.75832710142902,2.10864535473324
-0.537185928244867,0.354458816498102,0.75417779933236,-1.69473785249487,-1.89762923051572,-0.738289386594253,-0.393816801030114,-0.255215997278897,-0.0759839025420145
1.52550039693182,0.945073013445284,0.152494461532588,1.54907503507301,0.515871401843723,0.0139791775876583,-0.879602789323778,-0.328809980429983,2.34962348441639
-1.97657070854082,-1.69805374002029,0.0917647524405175,0.152733050496933,0.763103888508696,0.612769570378829,1.39905805147089,0.29878294054064,0.638443455505371
-1.88042826101634,-2.3731611305828,-0.295881896559511,0.274526261664799,0.54389277091127,-0.777926513781516,0.682101151928183,1.63629678614349,0.729009361782445
1.54578968045432,-1.47813579012389,1.50231441659478,0.693424599574201,-0.421620840252457,-0.337056059919157,0.304698797815815,1.56591722809173,-1.59704931202894
-0.341370241237751,0.228207618719063,0.694665989609382,-0.285562658127668,-0.00269070688076806,1.35654130832443,-0.144756713861499,0.807717493544396,2.48118791606951
-0.798844834557482,-0.607855370169726,-2.43670676045391,2.05047017653613,0.373991809542335,3.28507724016998,-2.82610461663991,-2.64092881547382,-2.46235073241068
0.730470371344638,1.0148676382218,1.15043288299015,-1.03150227914031,-0.309020999651127,-0.292063784467852,1.15982596374611,-0.274528586034094,1.45364423730907
-0.19143960273765,-1.38074175466091,-0.386403792904825,0.083860363655957,2.1299251520195,-0.310974840951744,0.395279501211864,0.646083368363327,0.172915917514899
2.09476781086099,1.13048885159625,1.27222301309972,-0.913555545966029,-1.04283495783085,-0.0340008350772445,-0.772781491704157,-2.07060055362991,0.709248350094406
-0.452756512621518,0.457102767069672,0.656615355217082,1.66241247133305,0.451303272397609,-0.464690869940761,-0.868216993776593,-0.833700374428915,1.09778683236847
-0.211711343528896,0.651226585187487,-0.671040002187656,-0.215357629294736,0.38367515313579,1.40725835021852,-0.528531753500195,2.87688613471208,-1.31918781647713
-0.670092667219147,-1.33870851708855,-1.74220196495411,2.4799434494409,2.05281029551364,0.808171810157008,-0.244436922195432,-1.95437214540873,-1.38859882743395
-1.01635700351588,-1.54591926119393,0.555599342628668,0.463164911469776,1.47858576388057,-0.702222296378675,-0.498243280167657,0.95234861280771,-0.849158110938972
1.04519303985743,-0.452299039573988,1.268309923218,-1.81863640228073,0.584139041280345,-0.680778152046954,3.35443734845184,1.68280993796193,1.9657364289577
-2.15493384142844,-1.14050216292043,-1.11446747951154,1.18831581671935,0.940251959532149,0.826375294633055,-1.46664055872835,0.135859299714599,0.835246652721067
-0.679191104690897,1.42865779672515,-1.69636355709187,-0.693144368177308,0.467938379691846,0.315752840782099,0.0908930390049403,1.26034975870736,0.0667618542722467
-2.02907371652475,-0.885059642122415,-1.24951204648096,0.534885996357204,0.30976921315345,1.64319791478812,-1.43721294550532,-0.189998923542614,-1.70436113846728
-0.761148015792676,0.883356895000612,0.765557057232098,0.626142122851527,-0.836454592313158,-0.223269077993224,0.0294913044520351,-0.567743433928544,-0.248787723297625
-1.53679666889142,-1.30248955875282,-2.0676646063262,0.174500854068045,-0.89291615966742,0.203702355415899,-0.328933488812012,-1.04753991193496,-0.925154458334537
-0.425525010353711,-0.419884583015384,0.06097405666545,-0.790581408404516,-0.157973762149457,0.363821997697243,-3.05951921455256,-1.75028711930232,-0.244520089414126
1.36111692320235,1.41799816424107,1.5531405772369,-2.05395202611928,0.11076465114737,-0.386541264927682,0.846487317193707,1.66929769796943,0.46128168600684
-2.85652857973451,-0.517899829699209,-1.35826151650018,1.54593347246968,1.16838034961076,-0.822686545465682,-1.38629191480181,-1.1128404486037,-1.99341575843288
2.3992786450896,1.18609658899255,-0.274486061068066,0.22869605447611,0.777599183067143,-0.189709554561016,0.115842995964875,-2.87207863460292,-1.66709663446577
-1.1926093764249,2.50841198391655,-0.251954899594936,0.099868217419544,-0.219730950910547,1.5987357399801,1.74523058317857,0.89671283464562,0.136086649738124
-1.45649344262377,-0.944941513312909,-2.65529272839988,-0.626262637190734,-1.01664449414651,0.120535759284824,1.23079615950627,0.632923963687048,0.480928981693449
0.212720339227638,-0.674894067615075,-0.108178865597769,-0.872254258910273,-1.27838220482204,-0.362422481845075,1.65477792884915,1.58666179340847,3.21101402568101
-0.627863824655786,-1.24267185335762,1.4066862575995,-2.03180957681374,-1.65496529270937,0.268842573521866,-0.642473470160174,0.219436085913039,-0.656520819180132
-2.34008131461917,-2.6621296211495,0.450917536843238,3.72425151582936,1.2100672232794,-0.203145585374223,-2.70729100425313,-1.74150516252727,-1.68053546260473
0.628521857422721,-1.52829642233279,0.35832836676479,-0.235048986372491,1.05546377211391,-1.3197711370307,-1.46820836460749,-1.99275463699138,-1.15239588570163
0.344497588322307,0.339079076210679,2.75357120260014,1.50152419835372,0.984021394178169,-0.688234802152724,-0.340361489135879,0.0685483070402475,-1.30437869224662
1.07260961873215,-0.23938824837331,0.88476131714067,1.39619563631425,1.06432372912692,0.763681638686344,1.71600642077378,2.22117696204046,2.11562824892855
-2.2789574036431,-1.81860174818429,-0.24760870012532,-0.664982758175437,-0.0752584843194263,0.610559404526177,-1.27432367510173,-0.490506554525622,-1.80722117103826
0.306023489681465,0.30621763990572,2.20579190769185,-1.99876606103004,-2.96866046872403,-3.24037528746503,3.01449767030367,0.346607989947435,1.711111345428
1.12856373660534,1.06254455945356,-0.618738415306627,0.430973981418784,1.90377191117888,0.557989569965975,1.11590380700744,-0.71677071368451,-0.799987920034119
0.906886785718701,0.0160367635611662,0.319932569630615,0.33893958916187,1.31358366156859,1.49654559404244,1.43537097052095,0.357041412982043,0.0833059807583388
0.466323254996512,-0.178789401297209,-0.767655401470408,1.97896181162306,-0.140555770086096,-0.319104964389764,-0.669018757603026,0.295322670685503,-0.145306716429905
-2.40768666295054,-1.56439511389972,-1.32299187100717,0.268637559276823,0.778560059037498,1.98118889159644,0.521859011057557,-0.947189626033907,0.771736491323749
-0.749908613824065,-0.974226069933811,-1.38258803733996,-0.561419391022724,-1.31778904661389,-0.218806059410257,-3.21371754721673,-2.72766270341255,-1.94830047459505
-0.422762847110126,0.322204093612936,0.486050685910268,0.412251685841393,0.0547408127883462,-0.693791779451975,1.01643162936175,-0.989971038565496,-0.896395577335394
1.5340332054284,-2.01101522725201,1.63188158787789,1.47641036508767,0.740898470559225,0.388974470853303,-0.988311668405373,-2.22857368470455,-0.546430056807715
-0.568266788079519,-2.71734331759645,-0.195174308783779,0.32365331653796,-1.50197652732494,-0.640352890512803,-0.802426686040178,-1.91612954229038,-1.14996711029954
-0.467506924172285,0.364265859456444,-0.72450471852086,0.902699833118371,0.361263707965905,1.32015888038492,-0.691608472242321,-1.26227697947378,-0.249968255915625
0.310955350953183,0.47653940833972,0.716179396556633,-0.13049955019691,0.0566454925799454,0.243241912648272,-0.293042025484755,-0.779688156916399,-0.0190915313897732
-1.20994525821466,0.596263913101005,0.94136114912749,-0.386094700786673,-1.87893461151023,-1.12679720531967,1.43125976895622,0.513502797229389,1.96179943712835
-1.11506655744654,1.4493720370791,0.955401820714562,0.264162396639544,0.226396034913704,-0.862248960011183,0.787896336551566,2.01367719394475,1.1711313655748
0.584966083715673,0.508787793149826,1.51033469059771,-1.12739750286314,-1.39034103631915,-0.782203745814094,2.58058086660039,1.33765171068056,1.55402801162637
0.717339670275333,-1.74204354089946,-1.18904229421081,0.533577164410925,-0.268936913661952,0.356320102681767,0.267315001942212,-0.533121836399289,-1.98122758857056
0.99764688157626,0.0457729328775,1.27875290630148,-2.18255177080534,-0.553987571170332,-1.61463006810926,1.82245311177104,2.56092085227022,1.58669109068912
-2.71455208768729,-1.26831875705207,-0.38213001817795,1.71779984064568,-0.595825278450664,0.454662145262201,-1.94603090517071,-2.21808075103524,-1.78085705742985
-1.59443872291223,-0.685690521653926,-0.0288481356043889,-1.58867864416666,1.56846767260163,-1.54246067766081,-0.417644462573719,0.737348938747977,0.561296013693744
-0.86710843999155,1.33327011298856,0.170164698955948,-0.944716516549304,0.637036890385118,-1.31839529619726,-0.0901567622470576,0.70265258913379,0.72776282575999
-1.63073443923516,0.968900490540822,0.818321506431738,1.45979985659799,0.581190732440674,1.76903564686561,-2.31039671246305,-0.388817968159003,0.356075439291067
1.14313422110869,-0.189729666130948,0.117265862647948,-1.15539111553949,-0.269869214367277,-0.524394374639032,-0.33496393848118,0.0568359550126479,0.178908640599044
-0.585509934189975,-0.892875411635807,2.30096305218343,0.731203881607818,-0.101948570678086,1.01495374800904,-3.19202440021478,-2.31562498442874,-2.31128045405042
-0.520884917955098,0.178012556811607,0.858470527170779,-2.11170985591408,-0.244338906916382,-0.63278369412851,1.86975132988226,1.59435629724866,2.33249473556274
-0.289378677670833,-1.34678492993592,-1.5852466525879,0.0337440142654141,2.50456721976759,1.52057704128369,-1.39023816108787,-0.199133218050066,1.24989994916502
-2.8881401063509,-1.50678266066675,-1.42346913597095,1.99491600103103,0.00181121698543595,1.26994355301293,0.660976797110622,-1.82918674884076,-2.27135388812594
-0.45803010485983,-1.23348326042517,-0.346252204932145,2.20469896012379,1.36917402604643,1.87177509152916,-1.84211582830511,-2.33967621009579,-3.56471033987563
-1.6380760897241,-2.10847489823436,-1.50159057686558,0.859606480953323,0.140530621303752,1.0634182489101,-1.51975352612218,-1.76970835702708,-1.22307814336273
0.626279518261249,0.710843911797732,-0.12159184054206,0.509543564538149,0.824259182325937,0.653302623143239,-1.80364997394723,-2.28962921839763,-0.845183747597138
0.0591853552978521,-0.461465659247571,0.390132588380952,-2.19009180122963,1.87941456368568,1.14093777275127,3.35323211778006,1.1362582654378,1.06777680753349
-2.90621616846699,-1.02087275344414,-3.38162662879703,-0.406631846868067,-2.52019246629698,0.462776090629868,-2.46883622738482,0.181250716941496,-1.34271770690927
-1.26575317165229,-0.70632724806559,0.301813080930591,1.35561253386036,1.56525548518398,2.13365949033507,-1.54830132609698,-0.460262083417677,0.45486695971126
-0.0675975627716175,-0.784169608616144,0.398766329877322,-1.5995364754343,-1.64183534818882,-0.76771925048048,3.77658406467578,0.941309236371804,2.06097677795107
0.882610284595606,-0.919646766663968,0.491167855616644,-2.55895697405514,-0.597805797645856,-1.84230724664687,0.0835158892782789,-0.841630006140169,2.4758984540269
1.53397762535583,1.09725586376994,0.883309431119711,1.41492112279804,0.325171146215044,0.231463488883371,0.35975073596183,2.80430520087404,-0.0729784500283827
1.7729720889074,-0.755436271659631,0.305489569034282,0.00657634774598664,0.456537376602349,-1.18045001917717,-1.0968367044675,1.00228691266759,-0.840707488931983
1.24027584750058,1.58155494972631,-0.0235039146087305,-0.443579150621901,-1.31064951430146,-1.26271538039748,-0.32267388329626,0.515516070292878,0.167700979734145
-2.15983303947815,-0.3006934570969,-2.80690546877077,2.0899246691752,1.25283033950775,0.418100188854035,-1.04504183065883,-2.66652123925496,-0.186638291314339
0.143476164528943,2.04376523446419,0.908764386593787,-0.331902503568322,2.21684510411,0.680994106859507,-0.380814067845605,0.363150380764643,1.59825139176893
0.74197100966205,0.953779644838285,0.201567118199759,0.597277199902924,1.24726447229869,-1.47146799422872,-0.018250439265934,1.09213022784527,1.05751754026491
-2.2232503061502,1.29847796515557,-1.01437382343765,-0.315283762818221,-0.660302521894452,0.0967428612945617,-1.59861977819826,0.313663332904442,-1.39931259951541
0.133197496671859,-2.36481811888324,-0.00584833994782291,-0.268035900601127,0.068543028779921,0.0410764338395332,0.795843226772136,2.191955126911,0.237360119028519
1.51676925698482,1.3791371655636,-0.517787454771314,-1.50079653265973,0.184360359688525,-0.836573792964644,0.420714778494197,3.5894618895853,0.70535259512505
0.234548922978565,-1.23422255328665,0.732977955828254,-1.84997293949263,-0.18206259043445,0.433189384653574,0.388751758397626,1.24692693560045,0.363391408959217
-1.44041829244934,0.946732846485596,2.09438866998192,-0.218826828392344,-1.31531644679423,0.208947418875204,-0.883282408490074,-1.07790494647694,-0.799344123607325
0.28405865922683,-1.34032760568722,0.295897079920797,1.63120781885532,-1.03623540895276,-1.25031709142696,1.18141861971766,0.0224618035813287,1.077246378373
0.743919425524143,-1.05214191710951,-2.1119708386889,-2.78441631737684,-2.79278736836902,0.439616348715801,1.66072994749692,2.07313978681828,0.410371588459234
-1.37763036471384,-1.0414069828084,-2.06336655141069,1.57310527558007,0.491015220274165,1.9030391766166,0.945167911045905,-0.984037840016219,-0.526398923325775
2.96778097510912,1.77350314133439,1.06333480164595,0.534066570204737,-1.70574169117053,-1.00282512901875,0.78694173283232,-0.142760109019997,0.0168515728518051
0.520529958163756,1.05591187117692,0.159427838176718,-2.28712364772907,-4.41895276476003,-3.17801561759041,2.13195260460696,2.26281976683791,1.4631257654503
0.381409861653883,-0.531988193094029,0.37155438187117,1.36410724581961,0.382460248144766,-0.324264819677994,0.0147451397588838,-3.89024304390358,0.134551085258071
0.139474886420915,1.64776040924945,0.192080797218205,0.784768562047834,1.18308177378328,-0.530560504626169,-1.52394311360176,-2.6135489572166,-1.35310089737206
-2.33961776058121,0.784804120093297,0.0244067811868312,0.233704424608172,-0.0205374528389077,0.589095543600763,0.65380805732729,-0.355438453639184,-1.83106610981882
-0.473898872024666,-0.323284939914343,-0.837597993606495,-1.61433236233529,-1.51706593157794,0.238552566117991,-1.52953393887178,-2.01409895699601,-1.91416181610478
1.90688968396858,-0.0408703177745576,0.14415380561435,-0.0717073226825991,0.865151576366165,-2.7425338155135,2.54788002034407,0.348977023437368,1.87130986798712
-1.83920449442041,-0.0224781543202223,-2.1737522379812,0.350528858535099,1.73764503276383,1.36348558902905,0.685228987084487,-1.50268388800981,-2.23849085259487
-0.815343580656264,-0.428963345324464,-2.02976243507609,1.80285222754014,-0.214436970832492,0.693203754285405,-0.680367311910791,1.00555785155347,-0.927330233570163
0.452059882635324,0.142541738522852,0.363204198287773,0.447090278891345,1.93757700067702,0.237415145200257,-1.34202040120749,-0.282707063438139,-0.709887065614295
-0.549333134940325,-0.853625500803359,-1.30820096348796,0.838490336537334,1.05556254836268,-1.77260070951991,-0.259610529253691,0.044764836581716,-1.3695426822694
0.831236540760177,1.49108667704737,-0.653103296762154,-0.866897080151961,-0.457142066152067,-0.648144548767964,-1.7696168509769,-3.13437944004835,-4.09645304605096
0.890825815511445,2.12498170637201,0.546212001373448,-3.03856747140916,-1.89967103376855,-0.18336513342735,1.75303237902119,0.43651780095983,1.72302585654521
0.56048303807014,0.595254544736418,-0.124235027285135,-1.12836839228885,0.446974161995456,1.57573985974556,0.988407302111369,-0.473135718654929,-0.395746241611242
0.773946278321496,-0.725155717709754,0.377222056475493,0.568074486164266,-0.177145500742625,-0.311238273440417,-0.50679396252083,0.100420073679133,-0.545528968695094
-1.10103001066302,-1.61585031680707,-0.164861061050634,2.76231629646793,1.36226522700294,-0.0734852496437016,-0.515311582175768,-1.41827695957901,-1.54053726292509
-0.387322700506128,0.937346800544748,0.429787991503088,1.17949550838698,1.95644876771842,0.890953968445478,-3.17313703753397,-3.19918846943989,-2.08103789098903
1.29807279576629,1.38267384710547,1.62713176866113,-2.03917602188125,0.226210004050089,-1.53286303187753,-1.21803707876577,1.08866614217323,-0.596336562191824
-1.49597430005104,-1.47741172123089,-0.413789049125525,1.71927614471303,1.22654162894998,-0.0839258153217748,-0.606664314964778,-0.67479271504474,0.414311192507438
0.417795840373371,0.91290836113461,1.03329026530923,1.32053284305087,0.100005744067826,2.2641003069715,0.575288337714907,1.06834859350976,0.737779295648401
1.60436346604971,1.0174187877767,0.427378336544612,-1.89877653869981,0.149521104830489,1.76061598263179,0.851926867427668,-0.846473165429676,0.0916200708598528
0.225738867883368,0.279590080977979,0.269957073901233,0.979718874431128,0.17605037473349,-0.913179764242884,0.28031799947571,-1.3186024690838,1.10840977011747
-0.29050821224197,-0.00108660595334619,-0.450564390174755,-1.66104313297478,0.256684313821047,1.21464875614031,-0.609945368067946,1.15039790845847,0.986567137725724
-1.18366647331729,0.234187005126918,0.154929992053705,-0.403998625547809,-0.230443247966346,-2.06588480161085,-1.45313241396852,-0.214660071926318,0.793075179470605
0.621600493640504,-1.10314797237287,-0.388060567737077,1.16023936197552,-2.13340142270159,-0.978662717884454,-0.24692899562645,-0.0283861569195352,-0.225626129643545
-0.831916099970403,-0.0281828958407065,-0.400040798955239,-0.840504568552807,1.20571647216014,-1.77266831546656,1.26105306526787,1.67835083977101,1.16839673814599
1.0608101810792,0.0401588317955163,1.23981360483397,-1.11567300084415,-1.3927276449169,-0.966394104762507,-1.19642990545515,0.928067438661351,0.0864066080803428
1.05786736417848,0.208737162621308,1.85066313103312,-0.0447207657015405,-0.664330814192123,1.23943175160203,-2.87841321493655,-0.60247942777271,-1.49977948575016
1.65111371843364,0.795871488418231,0.407803258754224,0.38283726951753,1.24800701767028,0.382045087368165,-0.445753525367878,-1.29214343736571,-0.127887088736738
-1.01960045277398,0.184100033998347,0.67651055350451,-2.27488679075739,-2.22752420830085,-0.749240731287943,-1.80860893383138,0.760358707977996,1.36256623133853
-0.161628993668358,1.07365144851683,1.00426671723353,-1.84537828925405,-0.499092187988518,0.331131738698363,0.740674321162951,-0.333341907788264,1.2938223116344
1.03663278468695,1.79503603642339,0.460920400182339,1.90041541598675,0.723251958757152,0.133084926929424,-1.22341657857288,-0.784301575143207,-1.06543194628578
1.40397658268315,-0.292235113294707,3.43223980228436,-0.758823876232432,-0.348889982744142,0.352007834960126,0.800967881791595,0.910416627316462,0.565053546420272
0.567437355270205,-0.448463338905666,-1.70992078434718,-0.854164392396781,0.603146796491265,-0.620502599126395,-1.4736586841224,-0.952466621727081,0.770341218530781
-0.554318456750384,0.409014438079908,0.89530369748724,0.516695931756338,0.720403915434208,0.632683635093718,1.38512771353114,0.369799873184501,0.359959376750999
2.3741482731524,-0.482145414841645,2.03608991210615,1.33924310116909,-0.164807948141544,-0.225949469477393,-0.599099433761853,-1.66306573035622,-0.505007482985071
0.617584306697175,1.61991301979213,0.995967864577208,-0.597658175160337,0.730716557695047,0.691200769209076,0.973377309727496,-0.106617538016026,0.883084405152545
-1.76633496869732,0.478202495413196,-0.00146071751403102,-0.73981469113116,-0.0605232915346996,0.577473050508245,-1.27362525695021,-1.86141460130992,-2.21035729959378
-0.190812108484999,1.54241793398978,0.785378334890979,-0.127490129769221,-0.734929336658061,0.0433632458361328,0.658232481500563,-0.652843316255201,-1.5755967256782
-0.60842238140682,1.00133399365745,-2.69236694448537,-1.77612321088471,-2.15256556841933,-1.67357965115775,-0.729857925021518,-1.17964598744634,0.300374594616603
0.107043430933065,0.129799986396569,-0.147226513624325,-1.13983283832301,1.24945570189415,0.733717539499087,-1.25263151560066,-0.769710493066583,0.342075878211974
1.00613661228239,0.461406059933457,1.60935561295686,1.77180056840404,-1.21441842877924,-0.613049553121703,-0.300982057114825,0.250545669310692,-0.262912728222636
0.898255628995893,0.478781368562523,-0.622486636030329,0.179003063614473,1.06618018850754,0.17876987522178,1.66717110000243,1.50922485164832,2.35941700687665
0.0990783724054533,0.716417444273831,-2.67996057080683,-0.131719151076064,1.55561782143783,2.48352685273412,0.599162246114949,1.25857348093065,0.759730102929593
1.50667665010561,1.56956790426406,2.4073327827118,-0.393108810379117,-0.893106505851159,-0.161459223864494,-1.00383918868542,0.660288725560593,0.255618495539624
0.142465640369719,-0.91137549336207,-0.0284984363723144,-0.557676038496299,0.45327494596589,1.71221131727827,-2.50199495370574,-2.31670289398487,0.772073795152808
2.62372688409183,1.82979431839032,1.16936589028498,-0.817980103844799,-1.55359687778165,-2.25230264440372,1.20108505651642,0.117974113288022,1.77810351564969
-1.61207425484054,-0.595953472758157,-0.175899224962046,1.65809871007662,0.318311916076823,0.921074652001997,0.189136235824241,0.57610516945043,-0.950089820927285
